pickup,delivery,distance,equipment,weight,date,predicted_rate
Lexington,Fort Wayne,360,Dry Van,32000,2025-12-01,1139.1869593981226
Lexington,Fort Wayne,360,Dry Van,32000,2025-12-02,1146.204264623317
Lexington,Fort Wayne,360,Dry Van,32000,2025-12-03,1153.8975993252789
Lexington,Fort Wayne,360,Dry Van,32000,2025-12-04,1148.0916622194252
Lexington,Fort Wayne,360,Dry Van,32000,2025-12-05,1141.0743569942308
Lexington,Fort Wayne,360,Dry Van,32000,2025-12-06,1139.1869593981226
Lexington,Fort Wayne,360,Dry Van,32000,2025-12-07,1139.1869593981226
Lexington,Fort Wayne,360,Dry Van,32000,2025-12-08,1139.1869593981226
Lexington,Fort Wayne,360,Dry Van,32000,2025-12-09,1146.204264623317
Lexington,Fort Wayne,360,Dry Van,32000,2025-12-10,1153.8975993252789
Lexington,Fort Wayne,360,Dry Van,32000,2025-12-11,1148.0916622194252
Lexington,Fort Wayne,360,Dry Van,32000,2025-12-12,1141.0743569942308
Lexington,Fort Wayne,360,Dry Van,32000,2025-12-13,1139.1869593981226
Lexington,Fort Wayne,360,Dry Van,32000,2025-12-14,1139.1869593981226
Lexington,Fort Wayne,360,Dry Van,32000,2025-12-15,1139.1869593981226
Lexington,Fort Wayne,360,Dry Van,32000,2025-12-16,1146.204264623317
Lexington,Fort Wayne,360,Dry Van,32000,2025-12-17,1153.8975993252789
Lexington,Fort Wayne,360,Dry Van,32000,2025-12-18,1148.0916622194252
Lexington,Fort Wayne,360,Dry Van,32000,2025-12-19,1141.0743569942308
Lexington,Fort Wayne,360,Dry Van,32000,2025-12-20,1139.1869593981226
Lexington,Fort Wayne,360,Dry Van,32000,2025-12-21,1139.1869593981226
Lexington,Fort Wayne,360,Dry Van,32000,2025-12-22,1139.1869593981226
Lexington,Fort Wayne,360,Dry Van,32000,2025-12-23,1146.204264623317
Lexington,Fort Wayne,360,Dry Van,32000,2025-12-24,1153.8975993252789
Lexington,Fort Wayne,360,Dry Van,32000,2025-12-25,1148.0916622194252
Lexington,Fort Wayne,360,Dry Van,32000,2025-12-26,1141.0743569942308
Lexington,Fort Wayne,360,Dry Van,32000,2025-12-27,1139.1869593981226
Lexington,Fort Wayne,360,Dry Van,32000,2025-12-28,1139.1869593981226
Lexington,Fort Wayne,360,Dry Van,32000,2025-12-29,1139.1869593981226
Lexington,Fort Wayne,360,Dry Van,32000,2025-12-30,1146.204264623317
Lexington,Fort Wayne,360,Dry Van,32000,2025-12-31,1153.8975993252789
